run,phase,seed,transitions,snapshot,snapshot_sha256,checkpoint,checkpoint_sha256,rounds,mean_coins,all50_fraction,mean_steps_all,mean_steps_success,max_steps,strict_126,deaths,invalid,timeouts,mean_max_q,max_q,max_abs_q,policy_churn
pilot_lr1e-04_target1000/run_0,pilot,0,0,results/dqn/d6_20260917/pilot_lr1e-04_target1000/run_0/snapshots/transition_000000000.npz,d3e8f4935e8d2b7ff9cefb2f4651851557e01a6c8ec0345438eb26cca4ac995e,results/dqn/d6_20260917/pilot_lr1e-04_target1000/run_0/checkpoints/transition_000000000/checkpoint.pt,70c02b7f3e5b5a3000322d71905d318215a1880001fb4d1293a29c6a9c9f7bb9,10,0.2,0.0,400.0,,400,False,0,0,0,0.07892841100692749,0.09527763724327087,0.16426682472229004,
pilot_lr1e-04_target1000/run_0,pilot,0,10372,results/dqn/d6_20260917/pilot_lr1e-04_target1000/run_0/snapshots/transition_000010372.npz,34c10c42b82bbd43e1012242d6910c48e69a3bccd92f05ed29efb4af69e9c829,results/dqn/d6_20260917/pilot_lr1e-04_target1000/run_0/checkpoints/transition_000010372/checkpoint.pt,20c9ffbde6befca9a2fc7d5bdafba546dc415c6455fb808d987fd04f313bb4a1,10,50.0,1.0,127.8,127.8,145,False,0,0,0,0.5584855675697327,0.6490103602409363,0.6490103602409363,1.0
pilot_lr1e-04_target1000/run_0,pilot,0,20692,results/dqn/d6_20260917/pilot_lr1e-04_target1000/run_0/snapshots/transition_000020692.npz,76a7ee6447a87492dcdb265dcec34a15a70482e4ecab56aef121ec948f264b8b,results/dqn/d6_20260917/pilot_lr1e-04_target1000/run_0/checkpoints/transition_000020692/checkpoint.pt,3bc473a093fed9514b53721c879cd8900375eb402286978500ef7040be9765a6,10,50.0,1.0,124.7,124.7,132,False,0,0,0,1.2708295583724976,1.3219646215438843,1.3219646215438843,0.0045
pilot_lr1e-04_target1000/run_0,pilot,0,30626,results/dqn/d6_20260917/pilot_lr1e-04_target1000/run_0/snapshots/transition_000030626.npz,2a95fab2b35a7733bda2160f18426ba5fdc9e96156901f1bca448b728b1f7e04,results/dqn/d6_20260917/pilot_lr1e-04_target1000/run_0/checkpoints/transition_000030626/checkpoint.pt,7d00cee5376441c85ca09a6bba83a22b47f757446a6485772b3ddc50a1975038,10,50.0,1.0,124.7,124.7,132,False,0,0,0,2.332367181777954,2.41011381149292,2.41011381149292,0.0
pilot_lr1e-04_target1000/run_0,pilot,0,40255,results/dqn/d6_20260917/pilot_lr1e-04_target1000/run_0/snapshots/transition_000040255.npz,a57b148c1ce1eb59166123f9a39706ffed184ba03d833ae3ff739724a8fc4b80,results/dqn/d6_20260917/pilot_lr1e-04_target1000/run_0/checkpoints/transition_000040255/checkpoint.pt,70b9a2f670e2f309b9914ef8527c04914d79a3b9f0ffefe4ef939af84e67f7d4,10,50.0,1.0,124.7,124.7,132,False,0,0,0,2.999255418777466,3.2032198905944824,3.2032198905944824,0.0
pilot_lr1e-04_target1000/run_0,pilot,0,50010,results/dqn/d6_20260917/pilot_lr1e-04_target1000/run_0/snapshots/transition_000050010.npz,e4c00ef859a4ee041d0c1e21c617fd19c703b2f656fe9a3c696c3ecaf1391618,results/dqn/d6_20260917/pilot_lr1e-04_target1000/run_0/checkpoints/transition_000050010/checkpoint.pt,bb87fd04cc784d07bcc68b5dc6a16121e96c2f1464972e76832d9cc319fe1467,10,50.0,1.0,124.7,124.7,132,False,0,0,0,4.162360191345215,4.410745143890381,4.410745143890381,0.0
pilot_lr1e-04_target250/run_0,pilot,0,0,results/dqn/d6_20260917/pilot_lr1e-04_target250/run_0/snapshots/transition_000000000.npz,f81509e1820d5d2c7d50d63a261b69c3b35a66e792f54cf955c26c9c188a7a6a,results/dqn/d6_20260917/pilot_lr1e-04_target250/run_0/checkpoints/transition_000000000/checkpoint.pt,b2f07ff620e579349a3a4cecbe75c3cb57f9aaf6f4b9c0cdd145d095f61dc92f,10,0.2,0.0,400.0,,400,False,0,0,0,0.07892841100692749,0.09527763724327087,0.16426682472229004,
pilot_lr1e-04_target250/run_0,pilot,0,10259,results/dqn/d6_20260917/pilot_lr1e-04_target250/run_0/snapshots/transition_000010259.npz,cb1afbe6569cc745cddf7257875746f08f85f9054a351f6a136fc852db30f0bc,results/dqn/d6_20260917/pilot_lr1e-04_target250/run_0/checkpoints/transition_000010259/checkpoint.pt,1e6ebe453acc3afe9e859f5774241e8e1b659a2c30b03786c4137c1b62101305,10,50.0,1.0,127.8,127.8,145,False,0,0,0,1.6259225606918335,1.7176332473754883,1.7176332473754883,1.0
pilot_lr1e-04_target250/run_0,pilot,0,20410,results/dqn/d6_20260917/pilot_lr1e-04_target250/run_0/snapshots/transition_000020410.npz,3697c94d69d90a5d763c1102528b70b485854654c204881be97dd115e0b90c02,results/dqn/d6_20260917/pilot_lr1e-04_target250/run_0/checkpoints/transition_000020410/checkpoint.pt,98ee35f9426a4ee32652399feca74d1e8f97c08e28c8395ee97ef6e73968d6b9,10,50.0,1.0,127.8,127.8,145,False,0,0,0,4.915605545043945,5.000171184539795,5.000171184539795,0.0
pilot_lr1e-04_target250/run_0,pilot,0,30123,results/dqn/d6_20260917/pilot_lr1e-04_target250/run_0/snapshots/transition_000030123.npz,3de04883eed9203235da5ca9e8af6a81a6f3a5055e715eda808c7d01be77d92f,results/dqn/d6_20260917/pilot_lr1e-04_target250/run_0/checkpoints/transition_000030123/checkpoint.pt,c6d29bf84a3f1dc82d050f7e84bab81f4b30ef2158d55f8e9b09d738691a5fe4,10,50.0,1.0,127.8,127.8,145,False,0,0,0,7.916406631469727,8.009880065917969,8.009880065917969,0.0
pilot_lr1e-04_target250/run_0,pilot,0,40598,results/dqn/d6_20260917/pilot_lr1e-04_target250/run_0/snapshots/transition_000040598.npz,0509e4f7fb07f06459a7c37e63ef6b32438fe82172b71de8cf6c330113d68517,results/dqn/d6_20260917/pilot_lr1e-04_target250/run_0/checkpoints/transition_000040598/checkpoint.pt,e397c87a8c07f76a29863e2671f0b40f28cf77677039840f2aae8e754426fd84,10,50.0,1.0,124.7,124.7,132,False,0,0,0,10.488409996032715,10.560051918029785,10.560051918029785,0.0045
pilot_lr1e-04_target250/run_0,pilot,0,50068,results/dqn/d6_20260917/pilot_lr1e-04_target250/run_0/snapshots/transition_000050068.npz,39d74115d9103a38d4616500f1c378bd7c356e3ee82d63cdd01af5ef6ee59f17,results/dqn/d6_20260917/pilot_lr1e-04_target250/run_0/checkpoints/transition_000050068/checkpoint.pt,9a6eaf40d491007704066a82b4c7d936b3161c72f400a6aa5621bf822d272e52,10,50.0,1.0,124.7,124.7,132,False,0,0,0,12.894850730895996,12.960698127746582,12.960698127746582,0.0
pilot_lr3e-04_target1000/run_0,pilot,0,0,results/dqn/d6_20260917/pilot_lr3e-04_target1000/run_0/snapshots/transition_000000000.npz,6cacd4cdd4d7a4046df2ad6cbc9ff6173749084c975cff157868126b83ae6ba2,results/dqn/d6_20260917/pilot_lr3e-04_target1000/run_0/checkpoints/transition_000000000/checkpoint.pt,b9781690a6a61bbcdc27dd1ee4b67ad8852cb5bba073c696090b61d7d3afe065,10,0.2,0.0,400.0,,400,False,0,0,0,0.07892841100692749,0.09527763724327087,0.16426682472229004,
pilot_lr3e-04_target1000/run_0,pilot,0,10103,results/dqn/d6_20260917/pilot_lr3e-04_target1000/run_0/snapshots/transition_000010103.npz,bdd1113bfded2f99defff01f00c13bf57120c515fe632977ef5f423ef57b4c6c,results/dqn/d6_20260917/pilot_lr3e-04_target1000/run_0/checkpoints/transition_000010103/checkpoint.pt,8d16e5a176a5288cba0632bb2c2a978698ccdda9e1ee78791f8f05e922294a5c,10,50.0,1.0,124.7,124.7,132,False,0,0,0,0.5576484799385071,0.6038581132888794,0.6038581132888794,0.9955
pilot_lr3e-04_target1000/run_0,pilot,0,20344,results/dqn/d6_20260917/pilot_lr3e-04_target1000/run_0/snapshots/transition_000020344.npz,8980c6762da0d01baab051bab7eed9d9ab7de6fad01f3fe701a795162a2a493c,results/dqn/d6_20260917/pilot_lr3e-04_target1000/run_0/checkpoints/transition_000020344/checkpoint.pt,857532e44c6147cea2ac2ebc51c14c222f898c5be84b1ba5989be46d13116ff2,10,50.0,1.0,124.7,124.7,132,False,0,0,0,1.2378315925598145,1.5646960735321045,1.5646960735321045,0.0
pilot_lr3e-04_target1000/run_0,pilot,0,30124,results/dqn/d6_20260917/pilot_lr3e-04_target1000/run_0/snapshots/transition_000030124.npz,c4302ee79b1a288fa2b67f489bea29a385d459d541b44ab45a6535b4aa56619e,results/dqn/d6_20260917/pilot_lr3e-04_target1000/run_0/checkpoints/transition_000030124/checkpoint.pt,6e927c29354aea19468786655a5d72181371237ff2c2aeb160e89ad083dbd105,10,50.0,1.0,124.7,124.7,132,False,0,0,0,2.337035894393921,2.587677001953125,2.587677001953125,0.0
pilot_lr3e-04_target1000/run_0,pilot,0,40221,results/dqn/d6_20260917/pilot_lr3e-04_target1000/run_0/snapshots/transition_000040221.npz,c5ae2178294a17fb49e1ed41bbb93a8e6117646deaea50472f7eacd3aa246ee0,results/dqn/d6_20260917/pilot_lr3e-04_target1000/run_0/checkpoints/transition_000040221/checkpoint.pt,9e20637df3d6b9971ba8cc068034b3c8529138bc41a8186e60f066b57c30d7bb,10,50.0,1.0,124.7,124.7,132,False,0,0,0,2.938088893890381,3.2386131286621094,3.2386131286621094,0.0
pilot_lr3e-04_target1000/run_0,pilot,0,50047,results/dqn/d6_20260917/pilot_lr3e-04_target1000/run_0/snapshots/transition_000050047.npz,ba1b3e407bff0de6e86d47bd95c7fd3ad6613d5ce83f5e678dc44f1b2c769e98,results/dqn/d6_20260917/pilot_lr3e-04_target1000/run_0/checkpoints/transition_000050047/checkpoint.pt,4de4b2cfae5b0794e6ab4cc53b0c126c6d590afd057ef412013b9c47139811cd,10,50.0,1.0,124.7,124.7,132,False,0,0,0,3.9509222507476807,4.210668087005615,4.210668087005615,0.0
pilot_lr3e-04_target250/run_0,pilot,0,0,results/dqn/d6_20260917/pilot_lr3e-04_target250/run_0/snapshots/transition_000000000.npz,ccc10c4564e48f32e293121c14ed81164a7f4d9b2c6ac0331fe062684613e27f,results/dqn/d6_20260917/pilot_lr3e-04_target250/run_0/checkpoints/transition_000000000/checkpoint.pt,42037e1cbc1cc2655824e5606a80c0483b471786418d0d0806b453e4afc605d0,10,0.2,0.0,400.0,,400,False,0,0,0,0.07892841100692749,0.09527763724327087,0.16426682472229004,
pilot_lr3e-04_target250/run_0,pilot,0,10044,results/dqn/d6_20260917/pilot_lr3e-04_target250/run_0/snapshots/transition_000010044.npz,cc35c3536b75004161c91d978daaffa59b3369d79914db3f5c13f36d3f07847a,results/dqn/d6_20260917/pilot_lr3e-04_target250/run_0/checkpoints/transition_000010044/checkpoint.pt,553f22dd9d01d71c42dc6c73293a9433f4d4a22d092f195e0a084e5340a69cb2,10,50.0,1.0,124.7,124.7,132,False,0,0,0,1.9648144245147705,2.106985330581665,2.106985330581665,0.9955
pilot_lr3e-04_target250/run_0,pilot,0,20699,results/dqn/d6_20260917/pilot_lr3e-04_target250/run_0/snapshots/transition_000020699.npz,79194eda02f89ce8b167371303da847634f97c4c93e30d1e3f2020a8c745e0f7,results/dqn/d6_20260917/pilot_lr3e-04_target250/run_0/checkpoints/transition_000020699/checkpoint.pt,cacd938f4ae1e7ab14aac9f6e6df85b082dc824b132b86998cf033a5487a2a63,10,50.0,1.0,127.8,127.8,145,False,0,0,0,5.08730936050415,5.259275436401367,5.259275436401367,0.0045
pilot_lr3e-04_target250/run_0,pilot,0,30241,results/dqn/d6_20260917/pilot_lr3e-04_target250/run_0/snapshots/transition_000030241.npz,7ba7811c6ee0bb96874b7c6e9b705754cf6661b83a1da7f79671aa60e45037dd,results/dqn/d6_20260917/pilot_lr3e-04_target250/run_0/checkpoints/transition_000030241/checkpoint.pt,4b17e00229b5b2a49316c9d337daa19f018a5133de680d48c9e412ab3b3c47b0,10,50.0,1.0,124.7,124.7,132,False,0,0,0,8.14677619934082,8.247994422912598,8.247994422912598,0.0045
pilot_lr3e-04_target250/run_0,pilot,0,40872,results/dqn/d6_20260917/pilot_lr3e-04_target250/run_0/snapshots/transition_000040872.npz,a72d7b9e3eb41859a7a1618ce3cf2503c0d63e0f86d9b48905f2f23022f32422,results/dqn/d6_20260917/pilot_lr3e-04_target250/run_0/checkpoints/transition_000040872/checkpoint.pt,6fee2ec2d0d60b294656a5511e7496bed918ebacc6f3a013cc3a5dc1b231f344,10,50.0,1.0,124.7,124.7,132,False,0,0,0,10.905871391296387,10.987579345703125,10.987579345703125,0.0
pilot_lr3e-04_target250/run_0,pilot,0,50095,results/dqn/d6_20260917/pilot_lr3e-04_target250/run_0/snapshots/transition_000050095.npz,3e404efbde6b674e702fd0b1a9b85a4add916c05531217a8154809f95eac87e1,results/dqn/d6_20260917/pilot_lr3e-04_target250/run_0/checkpoints/transition_000050095/checkpoint.pt,d4fb1a0ba449e037913665f45e164d238b7c27c164b395e5f647e1fe43f6a946,10,50.0,1.0,124.7,124.7,132,False,0,0,0,13.303021430969238,13.669510841369629,13.669510841369629,0.0
diagnostic_baseline/run_1,diagnostic-replication,1,0,results/dqn/d6_20260917/diagnostic_baseline/run_1/snapshots/transition_000000000.npz,b3ee6d7bf1a75324e1662aa6b22e939b6a626f600c8fffbb77d72906ec803cb2,results/dqn/d6_20260917/diagnostic_baseline/run_1/checkpoints/transition_000000000/checkpoint.pt,de7430c6f80c9ce0bb9539002f96a4dca233b1648d314f0580165de3397a1d06,10,0.2,0.0,400.0,,400,False,0,0,0,0.19422292709350586,0.19938012957572937,0.19938012957572937,
diagnostic_baseline/run_1,diagnostic-replication,1,10114,results/dqn/d6_20260917/diagnostic_baseline/run_1/snapshots/transition_000010114.npz,f9f25c056e71e520c944947cacb8098972212b63ddb46b904e29ce4e131c07ea,results/dqn/d6_20260917/diagnostic_baseline/run_1/checkpoints/transition_000010114/checkpoint.pt,fe48f0cb22c78a933087bbc0b7d3b463a0ed2b3e38dcd26e4899763720524f02,10,50.0,1.0,124.7,124.7,132,False,0,0,0,0.5848267674446106,0.607319176197052,0.607319176197052,0.9955
diagnostic_baseline/run_1,diagnostic-replication,1,20250,results/dqn/d6_20260917/diagnostic_baseline/run_1/snapshots/transition_000020250.npz,847d2172906429bb2f0803bfe12ab685a9eca2d2a0ec169bdf82c8d58089e725,results/dqn/d6_20260917/diagnostic_baseline/run_1/checkpoints/transition_000020250/checkpoint.pt,055f7b5b74e332bae732364d307bda8410589fc00b6a0074635895ae7790ea47,10,50.0,1.0,124.7,124.7,132,False,0,0,0,1.307836890220642,1.609291672706604,1.609291672706604,0.0
diagnostic_baseline/run_1,diagnostic-replication,1,30083,results/dqn/d6_20260917/diagnostic_baseline/run_1/snapshots/transition_000030083.npz,20e26df27c90025a33be1fe6ea6df7ce79e0cb82d0696c6ad6882be606d5265c,results/dqn/d6_20260917/diagnostic_baseline/run_1/checkpoints/transition_000030083/checkpoint.pt,1117fc4768d9332c0acf5391802edd94d9ae9f8fa013a132e23d493344107ed9,10,50.0,1.0,124.7,124.7,132,False,0,0,0,2.20436429977417,2.4381003379821777,2.4381003379821777,0.0
diagnostic_baseline/run_1,diagnostic-replication,1,40268,results/dqn/d6_20260917/diagnostic_baseline/run_1/snapshots/transition_000040268.npz,9db9d4353c1807822e44c0d50b830463b174c0acf96154903d62faddcc2c8c3a,results/dqn/d6_20260917/diagnostic_baseline/run_1/checkpoints/transition_000040268/checkpoint.pt,6f80211ee960765f6ee52e8f7ac7c83e4823403ef21be93f4278b8cdbc22afb4,10,50.0,1.0,124.7,124.7,132,False,0,0,0,2.939598560333252,3.167861223220825,3.167861223220825,0.0
diagnostic_baseline/run_1,diagnostic-replication,1,50115,results/dqn/d6_20260917/diagnostic_baseline/run_1/snapshots/transition_000050115.npz,214ae384ecebdd10607deea95d733471100dbd6dcb8fb212e155313009e6e10e,results/dqn/d6_20260917/diagnostic_baseline/run_1/checkpoints/transition_000050115/checkpoint.pt,f720f9e48207ee7ed57c2d7859e230bb6c046b4cd1fd791791d0bbe097e401a2,10,50.0,1.0,124.7,124.7,132,False,0,0,0,4.052445888519287,4.368194103240967,4.368194103240967,0.0
diagnostic_baseline/run_2,diagnostic-replication,2,0,results/dqn/d6_20260917/diagnostic_baseline/run_2/snapshots/transition_000000000.npz,06869bd10eebb6566aa03ceb3cd8c052589ee28eb519337fe108dbbf1e421508,results/dqn/d6_20260917/diagnostic_baseline/run_2/checkpoints/transition_000000000/checkpoint.pt,0a53272aabcb6c55fde61468d213cfbb62a119ed924f13b5de8b23cf8cfd8f4d,10,49.9,0.9,400.0,400.0,400,False,0,0,0,0.14146986603736877,0.17984500527381897,0.17984500527381897,
diagnostic_baseline/run_2,diagnostic-replication,2,10444,results/dqn/d6_20260917/diagnostic_baseline/run_2/snapshots/transition_000010444.npz,13597dd1844286ffab0a31825beac9b0278ac145cb2be4067ca9844c3740632d,results/dqn/d6_20260917/diagnostic_baseline/run_2/checkpoints/transition_000010444/checkpoint.pt,7320537914689e6bbff53e8497695d77a9796e23534aee804fbe50b3220514ef,10,50.0,1.0,124.7,124.7,132,False,0,0,0,0.7678816914558411,0.9370428919792175,0.9370428919792175,0.9955
diagnostic_baseline/run_2,diagnostic-replication,2,20507,results/dqn/d6_20260917/diagnostic_baseline/run_2/snapshots/transition_000020507.npz,faf0dd5b3fcc5d1c93969dcc13939fb46357c46f9ca09973180641f4d7bd1f4f,results/dqn/d6_20260917/diagnostic_baseline/run_2/checkpoints/transition_000020507/checkpoint.pt,fc99ebb2c0c439ac2cdf764c8d3c4d2a63e345d04b338045560e19253d4424cd,10,50.0,1.0,124.7,124.7,132,False,0,0,0,1.5003632307052612,1.7291327714920044,1.7291327714920044,0.0
diagnostic_baseline/run_2,diagnostic-replication,2,30504,results/dqn/d6_20260917/diagnostic_baseline/run_2/snapshots/transition_000030504.npz,46d4d9efbf2e17f83aeb024a1f6f26b668f3e99d502840de44ea12d5a2d0090e,results/dqn/d6_20260917/diagnostic_baseline/run_2/checkpoints/transition_000030504/checkpoint.pt,697db5a47e993ba75dd6317ad59cc2a96c6349785fbe646fc47628f4b7f36db3,10,50.0,1.0,124.7,124.7,132,False,0,0,0,2.537627696990967,2.7199900150299072,2.7199900150299072,0.0045
diagnostic_baseline/run_2,diagnostic-replication,2,40292,results/dqn/d6_20260917/diagnostic_baseline/run_2/snapshots/transition_000040292.npz,b7d20e12473f428a851df9d3e3413558ae8de078ef7d36c76b6454fc8d9b3aa8,results/dqn/d6_20260917/diagnostic_baseline/run_2/checkpoints/transition_000040292/checkpoint.pt,0a2b7fc94c0b012b630f67576b941093e963aad4710c0be928f90328e9a72ed7,10,50.0,1.0,124.7,124.7,132,False,0,0,0,3.2098608016967773,3.3820607662200928,3.3820607662200928,0.0
diagnostic_baseline/run_2,diagnostic-replication,2,50072,results/dqn/d6_20260917/diagnostic_baseline/run_2/snapshots/transition_000050072.npz,52304884ee5c4d43a871c94fbdc21da85ec6c5b9a268c8f92ecbce4b501af5a7,results/dqn/d6_20260917/diagnostic_baseline/run_2/checkpoints/transition_000050072/checkpoint.pt,c68f6dd8b8d4c0360edcf093c5552b3ba69f7ba391780c993b292e4237cf4704,10,50.0,1.0,124.7,124.7,132,False,0,0,0,4.26163387298584,4.5912909507751465,4.5912909507751465,0.0
