run,transitions,snapshot,sha256,violation,allowed_mean_q,allowed_min_q,allowed_max_q,max_abs_q,policy_churn
diagnostic_baseline\run_1,0,results\dqn\d6_20260917\diagnostic_baseline\run_1\snapshots\transition_000000000.npz,b3ee6d7bf1a75324e1662aa6b22e939b6a626f600c8fffbb77d72906ec803cb2,False,0.01662074215710163,-0.23593899607658386,0.24020695686340332,0.24020695686340332,
diagnostic_baseline\run_1,10114,results\dqn\d6_20260917\diagnostic_baseline\run_1\snapshots\transition_000010114.npz,f9f25c056e71e520c944947cacb8098972212b63ddb46b904e29ce4e131c07ea,False,0.19600369036197662,-0.24003788828849792,0.6271510720252991,0.6271510720252991,0.8155
diagnostic_baseline\run_1,20250,results\dqn\d6_20260917\diagnostic_baseline\run_1\snapshots\transition_000020250.npz,847d2172906429bb2f0803bfe12ab685a9eca2d2a0ec169bdf82c8d58089e725,False,0.5159078240394592,-0.472933292388916,1.609291672706604,1.609291672706604,0.2765
diagnostic_baseline\run_1,30083,results\dqn\d6_20260917\diagnostic_baseline\run_1\snapshots\transition_000030083.npz,20e26df27c90025a33be1fe6ea6df7ce79e0cb82d0696c6ad6882be606d5265c,False,0.9372014403343201,-0.9289500117301941,2.4381003379821777,2.4381003379821777,0.1675
diagnostic_baseline\run_1,40268,results\dqn\d6_20260917\diagnostic_baseline\run_1\snapshots\transition_000040268.npz,9db9d4353c1807822e44c0d50b830463b174c0acf96154903d62faddcc2c8c3a,False,1.2930629253387451,-1.1195266246795654,3.167861223220825,3.167861223220825,0.1425
diagnostic_baseline\run_1,50115,results\dqn\d6_20260917\diagnostic_baseline\run_1\snapshots\transition_000050115.npz,214ae384ecebdd10607deea95d733471100dbd6dcb8fb212e155313009e6e10e,False,1.8069361448287964,-1.4230860471725464,4.368194103240967,4.368194103240967,0.157
diagnostic_baseline\run_2,0,results\dqn\d6_20260917\diagnostic_baseline\run_2\snapshots\transition_000000000.npz,06869bd10eebb6566aa03ceb3cd8c052589ee28eb519337fe108dbbf1e421508,False,0.05038769915699959,-0.10548149049282074,0.21577227115631104,0.22257444262504578,
diagnostic_baseline\run_2,10444,results\dqn\d6_20260917\diagnostic_baseline\run_2\snapshots\transition_000010444.npz,13597dd1844286ffab0a31825beac9b0278ac145cb2be4067ca9844c3740632d,False,0.27692049741744995,-0.2675892114639282,0.9370428919792175,0.9370428919792175,0.659
diagnostic_baseline\run_2,20507,results\dqn\d6_20260917\diagnostic_baseline\run_2\snapshots\transition_000020507.npz,faf0dd5b3fcc5d1c93969dcc13939fb46357c46f9ca09973180641f4d7bd1f4f,False,0.6520717144012451,-0.39879757165908813,1.7291327714920044,1.7291327714920044,0.1485
diagnostic_baseline\run_2,30504,results\dqn\d6_20260917\diagnostic_baseline\run_2\snapshots\transition_000030504.npz,46d4d9efbf2e17f83aeb024a1f6f26b668f3e99d502840de44ea12d5a2d0090e,False,1.1685997247695923,-0.6357464790344238,2.719989776611328,2.719989776611328,0.1125
diagnostic_baseline\run_2,40292,results\dqn\d6_20260917\diagnostic_baseline\run_2\snapshots\transition_000040292.npz,b7d20e12473f428a851df9d3e3413558ae8de078ef7d36c76b6454fc8d9b3aa8,False,1.5067267417907715,-0.7850140333175659,3.382061004638672,3.382061004638672,0.128
diagnostic_baseline\run_2,50072,results\dqn\d6_20260917\diagnostic_baseline\run_2\snapshots\transition_000050072.npz,52304884ee5c4d43a871c94fbdc21da85ec6c5b9a268c8f92ecbce4b501af5a7,False,2.0432825088500977,-0.9900229573249817,4.5912909507751465,4.5912909507751465,0.123
pilot_lr1e-04_target1000\run_0,0,results\dqn\d6_20260917\pilot_lr1e-04_target1000\run_0\snapshots\transition_000000000.npz,d3e8f4935e8d2b7ff9cefb2f4651851557e01a6c8ec0345438eb26cca4ac995e,False,-0.04172912612557411,-0.2143939733505249,0.12256818264722824,0.2143939733505249,
pilot_lr1e-04_target1000\run_0,10372,results\dqn\d6_20260917\pilot_lr1e-04_target1000\run_0\snapshots\transition_000010372.npz,34c10c42b82bbd43e1012242d6910c48e69a3bccd92f05ed29efb4af69e9c829,False,0.19341832399368286,-0.09869144856929779,0.6490103006362915,0.6490103006362915,0.7745
pilot_lr1e-04_target1000\run_0,20692,results\dqn\d6_20260917\pilot_lr1e-04_target1000\run_0\snapshots\transition_000020692.npz,76a7ee6447a87492dcdb265dcec34a15a70482e4ecab56aef121ec948f264b8b,False,0.5486640334129333,-0.3422160744667053,1.3219646215438843,1.3219646215438843,0.254
pilot_lr1e-04_target1000\run_0,30626,results\dqn\d6_20260917\pilot_lr1e-04_target1000\run_0\snapshots\transition_000030626.npz,2a95fab2b35a7733bda2160f18426ba5fdc9e96156901f1bca448b728b1f7e04,False,1.1499712467193604,-0.5363354682922363,2.41011381149292,2.41011381149292,0.161
pilot_lr1e-04_target1000\run_0,40255,results\dqn\d6_20260917\pilot_lr1e-04_target1000\run_0\snapshots\transition_000040255.npz,a57b148c1ce1eb59166123f9a39706ffed184ba03d833ae3ff739724a8fc4b80,False,1.503064751625061,-0.6103504300117493,3.2032201290130615,3.2032201290130615,0.1245
pilot_lr1e-04_target1000\run_0,50010,results\dqn\d6_20260917\pilot_lr1e-04_target1000\run_0\snapshots\transition_000050010.npz,e4c00ef859a4ee041d0c1e21c617fd19c703b2f656fe9a3c696c3ecaf1391618,False,2.093379259109497,-0.8163447976112366,4.410745620727539,4.410745620727539,0.0855
pilot_lr1e-04_target250\run_0,0,results\dqn\d6_20260917\pilot_lr1e-04_target250\run_0\snapshots\transition_000000000.npz,f81509e1820d5d2c7d50d63a261b69c3b35a66e792f54cf955c26c9c188a7a6a,False,-0.04172912612557411,-0.2143939733505249,0.12256818264722824,0.2143939733505249,
pilot_lr1e-04_target250\run_0,10259,results\dqn\d6_20260917\pilot_lr1e-04_target250\run_0\snapshots\transition_000010259.npz,cb1afbe6569cc745cddf7257875746f08f85f9054a351f6a136fc852db30f0bc,False,1.102643370628357,0.4788786470890045,1.7176332473754883,1.7176332473754883,0.809
pilot_lr1e-04_target250\run_0,20410,results\dqn\d6_20260917\pilot_lr1e-04_target250\run_0\snapshots\transition_000020410.npz,3697c94d69d90a5d763c1102528b70b485854654c204881be97dd115e0b90c02,False,3.4300103187561035,0.9606842994689941,5.000171184539795,5.000171184539795,0.136
pilot_lr1e-04_target250\run_0,30123,results\dqn\d6_20260917\pilot_lr1e-04_target250\run_0\snapshots\transition_000030123.npz,3de04883eed9203235da5ca9e8af6a81a6f3a5055e715eda808c7d01be77d92f,False,5.243546962738037,0.7192477583885193,8.009880065917969,8.009880065917969,0.108
pilot_lr1e-04_target250\run_0,40598,results\dqn\d6_20260917\pilot_lr1e-04_target250\run_0\snapshots\transition_000040598.npz,0509e4f7fb07f06459a7c37e63ef6b32438fe82172b71de8cf6c330113d68517,False,6.307459831237793,-0.15468314290046692,10.560051918029785,10.560051918029785,0.1675
pilot_lr1e-04_target250\run_0,50068,results\dqn\d6_20260917\pilot_lr1e-04_target250\run_0\snapshots\transition_000050068.npz,39d74115d9103a38d4616500f1c378bd7c356e3ee82d63cdd01af5ef6ee59f17,False,7.295178413391113,-0.6756483912467957,12.960698127746582,12.960698127746582,0.1275
pilot_lr3e-04_target1000\run_0,0,results\dqn\d6_20260917\pilot_lr3e-04_target1000\run_0\snapshots\transition_000000000.npz,6cacd4cdd4d7a4046df2ad6cbc9ff6173749084c975cff157868126b83ae6ba2,False,-0.04172912612557411,-0.2143939733505249,0.12256818264722824,0.2143939733505249,
pilot_lr3e-04_target1000\run_0,10103,results\dqn\d6_20260917\pilot_lr3e-04_target1000\run_0\snapshots\transition_000010103.npz,bdd1113bfded2f99defff01f00c13bf57120c515fe632977ef5f423ef57b4c6c,False,0.16883514821529388,-0.13852736353874207,0.6038581132888794,0.6038581132888794,0.8385
pilot_lr3e-04_target1000\run_0,20344,results\dqn\d6_20260917\pilot_lr3e-04_target1000\run_0\snapshots\transition_000020344.npz,8980c6762da0d01baab051bab7eed9d9ab7de6fad01f3fe701a795162a2a493c,False,0.5265607833862305,-0.3682551383972168,1.5646960735321045,1.5646960735321045,0.288
pilot_lr3e-04_target1000\run_0,30124,results\dqn\d6_20260917\pilot_lr3e-04_target1000\run_0\snapshots\transition_000030124.npz,c4302ee79b1a288fa2b67f489bea29a385d459d541b44ab45a6535b4aa56619e,False,1.1067261695861816,-0.4262318015098572,2.587677001953125,2.587677001953125,0.17
pilot_lr3e-04_target1000\run_0,40221,results\dqn\d6_20260917\pilot_lr3e-04_target1000\run_0\snapshots\transition_000040221.npz,c5ae2178294a17fb49e1ed41bbb93a8e6117646deaea50472f7eacd3aa246ee0,False,1.4135105609893799,-0.44012710452079773,3.2386131286621094,3.2386131286621094,0.1305
pilot_lr3e-04_target1000\run_0,50047,results\dqn\d6_20260917\pilot_lr3e-04_target1000\run_0\snapshots\transition_000050047.npz,ba1b3e407bff0de6e86d47bd95c7fd3ad6613d5ce83f5e678dc44f1b2c769e98,False,1.9067277908325195,-0.6067923307418823,4.210668087005615,4.210668087005615,0.185
pilot_lr3e-04_target250\run_0,0,results\dqn\d6_20260917\pilot_lr3e-04_target250\run_0\snapshots\transition_000000000.npz,ccc10c4564e48f32e293121c14ed81164a7f4d9b2c6ac0331fe062684613e27f,False,-0.04172912612557411,-0.2143939733505249,0.12256818264722824,0.2143939733505249,
pilot_lr3e-04_target250\run_0,10044,results\dqn\d6_20260917\pilot_lr3e-04_target250\run_0\snapshots\transition_000010044.npz,cc35c3536b75004161c91d978daaffa59b3369d79914db3f5c13f36d3f07847a,False,1.247394323348999,0.28507888317108154,2.106985330581665,2.106985330581665,0.7035
pilot_lr3e-04_target250\run_0,20699,results\dqn\d6_20260917\pilot_lr3e-04_target250\run_0\snapshots\transition_000020699.npz,79194eda02f89ce8b167371303da847634f97c4c93e30d1e3f2020a8c745e0f7,False,2.8092331886291504,-0.19556649029254913,5.259275436401367,5.259275436401367,0.2495
pilot_lr3e-04_target250\run_0,30241,results\dqn\d6_20260917\pilot_lr3e-04_target250\run_0\snapshots\transition_000030241.npz,7ba7811c6ee0bb96874b7c6e9b705754cf6661b83a1da7f79671aa60e45037dd,False,4.3759989738464355,-0.6867473125457764,8.247994422912598,8.247994422912598,0.098
pilot_lr3e-04_target250\run_0,40872,results\dqn\d6_20260917\pilot_lr3e-04_target250\run_0\snapshots\transition_000040872.npz,a72d7b9e3eb41859a7a1618ce3cf2503c0d63e0f86d9b48905f2f23022f32422,False,5.753844738006592,-1.038781762123108,10.987580299377441,10.987580299377441,0.0405
pilot_lr3e-04_target250\run_0,50095,results\dqn\d6_20260917\pilot_lr3e-04_target250\run_0\snapshots\transition_000050095.npz,3e404efbde6b674e702fd0b1a9b85a4add916c05531217a8154809f95eac87e1,False,7.001453399658203,-1.3407082557678223,13.669510841369629,13.669510841369629,0.069
