count,mask,coin_dir,crate_dir,bomb_yield,danger,opp_dir,attack
3,16,4,5,3,0,4,0
1,16,4,5,1,0,4,0
1,16,4,4,3,1,5,1
3,16,4,4,0,0,5,1
4,16,4,4,0,1,5,1
1,16,4,0,2,0,4,0
1,16,4,0,1,0,4,0
2,16,4,0,0,0,5,1
3,16,4,0,0,1,5,1
1,16,4,0,0,1,2,0
1,16,0,5,3,0,4,0
1,16,0,4,0,0,5,1
1,16,0,4,0,1,0,0
2,16,0,0,2,0,4,0
1,48,4,0,0,0,5,1
3,1,4,5,3,1,4,0
1,1,4,5,2,1,4,0
1,1,4,5,1,1,4,0
2,1,4,4,2,1,4,0
1,1,4,4,1,1,4,0
1,1,4,4,0,0,5,1
6,1,4,4,0,1,5,1
12,1,4,4,0,1,4,0
5,1,4,4,0,1,2,0
3,1,4,4,0,1,1,0
4,1,4,4,0,1,0,0
2,1,4,2,0,1,5,1
1,1,4,2,0,1,5,0
3,1,4,2,0,1,4,0
1,1,4,2,0,1,2,0
1,1,4,0,2,1,4,0
2,1,4,0,1,1,4,0
2,1,4,0,0,1,5,1
16,1,4,0,0,1,4,0
4,1,4,0,0,1,0,0
1,1,2,0,0,1,2,0
1,1,0,5,3,1,4,0
1,1,0,4,0,1,2,0
3,1,0,4,0,1,0,0
1,1,0,2,0,1,4,0
1,1,0,1,1,1,5,1
1,1,0,0,0,1,5,1
12,1,0,0,0,1,4,0
1,17,4,5,3,0,4,0
1,17,4,5,1,0,4,0
2,17,4,4,3,0,4,0
1,17,4,4,2,0,4,0
2,17,4,4,2,1,4,0
2,17,4,4,1,1,4,0
9,17,4,4,0,0,5,1
9,17,4,4,0,0,2,0
21,17,4,4,0,0,0,0
22,17,4,4,0,1,5,1
6,17,4,4,0,1,4,0
4,17,4,4,0,1,2,0
4,17,4,4,0,1,0,0
1,17,4,2,0,0,5,1
1,17,4,2,0,0,4,0
9,17,4,2,0,0,0,0
2,17,4,2,0,1,5,1
1,17,4,2,0,1,2,0
1,17,4,1,0,1,1,0
1,17,4,0,3,0,4,0
2,17,4,0,2,0,4,0
2,17,4,0,2,1,4,0
1,17,4,0,1,0,4,0
1,17,4,0,1,0,0,0
2,17,4,0,1,1,4,0
6,17,4,0,0,0,4,0
2,17,4,0,0,0,2,0
8,17,4,0,0,0,0,0
14,17,4,0,0,1,5,1
38,17,4,0,0,1,4,0
7,17,4,0,0,1,0,0
1,17,2,5,3,0,5,1
1,17,2,5,3,0,4,0
1,17,2,4,0,0,2,0
1,17,2,4,0,0,0,0
1,17,2,4,0,1,5,1
4,17,2,2,0,0,4,0
1,17,2,0,3,0,4,0
1,17,2,0,2,0,4,0
4,17,2,0,0,0,4,0
1,17,1,1,0,0,4,0
6,17,0,5,3,0,4,0
1,17,0,5,3,0,0,0
1,17,0,4,0,0,2,0
1,17,0,4,0,0,0,0
5,17,0,4,0,1,5,1
1,17,0,4,0,1,0,0
1,17,0,2,2,0,4,0
1,17,0,2,0,0,4,0
4,17,0,0,3,0,4,0
1,17,0,0,3,1,4,0
2,17,0,0,2,0,4,0
4,17,0,0,1,0,4,0
2,17,0,0,0,0,4,0
1,17,0,0,0,0,0,0
2,17,0,0,0,1,5,1
22,17,0,0,0,1,4,0
2,17,0,0,0,1,0,0
7,49,4,5,3,0,4,0
1,49,4,5,2,0,4,0
34,49,4,4,0,0,5,1
3,49,4,4,0,0,0,0
2,49,4,4,0,1,5,1
2,49,4,2,0,0,5,1
1,49,4,2,0,0,2,0
1,49,4,2,0,0,0,0
2,49,4,0,3,0,4,0
6,49,4,0,2,0,4,0
1,49,4,0,1,0,4,0
4,49,4,0,0,0,5,1
1,49,4,0,0,0,2,0
1,49,4,0,0,1,5,1
5,49,2,4,0,0,5,1
1,49,2,4,0,0,0,0
9,49,0,5,3,0,4,0
1,49,0,5,2,0,4,0
1,49,0,4,0,0,5,1
1,49,0,4,0,1,5,1
8,49,0,0,3,0,4,0
5,49,0,0,2,0,4,0
2,49,0,0,1,0,4,0
4,5,4,4,0,1,5,1
10,5,4,4,0,1,1,0
15,5,4,4,0,1,0,0
1,5,4,1,0,1,5,1
1,5,4,1,0,1,3,0
1,5,4,1,0,1,0,0
1,5,4,0,1,1,4,0
2,5,4,0,0,1,5,1
2,5,4,0,0,1,1,0
4,5,4,0,0,1,0,0
1,5,0,4,0,1,0,0
1,5,0,2,2,1,4,0
1,5,0,1,1,1,4,0
1,5,0,0,2,1,4,0
1,5,0,0,1,1,4,0
1,5,0,0,0,1,4,0
1,21,4,5,3,0,4,0
1,21,4,5,3,0,0,0
1,21,4,4,3,0,4,0
9,21,4,4,0,0,5,1
19,21,4,4,0,0,0,0
4,21,4,4,0,1,5,1
2,21,4,4,0,1,0,0
1,21,4,1,0,0,1,0
1,21,4,1,0,1,5,1
4,21,4,0,2,0,4,0
2,21,4,0,1,0,4,0
1,21,4,0,1,1,4,0
3,21,4,0,0,0,5,1
7,21,4,0,0,0,4,0
9,21,4,0,0,0,2,0
6,21,4,0,0,0,0,0
7,21,4,0,0,1,4,0
2,21,4,0,0,1,2,0
6,21,4,0,0,1,0,0
4,21,0,5,3,0,4,0
1,21,0,5,3,0,0,0
1,21,0,5,2,0,4,0
1,21,0,5,1,0,4,0
1,21,0,4,0,0,5,1
6,21,0,4,0,0,2,0
3,21,0,4,0,0,0,0
1,21,0,4,0,1,2,0
2,21,0,2,3,0,4,0
1,21,0,2,2,0,2,0
1,21,0,2,2,0,0,0
4,21,0,2,1,0,4,0
1,21,0,2,1,1,4,0
12,21,0,2,0,0,4,0
1,21,0,2,0,0,0,0
1,21,0,2,0,1,2,0
7,21,0,0,2,0,4,0
1,21,0,0,2,0,2,0
1,21,0,0,2,1,4,0
5,21,0,0,1,0,4,0
8,21,0,0,0,0,4,0
1,21,0,0,0,0,2,0
2,21,0,0,0,1,4,0
5,53,4,5,3,0,4,0
1,53,4,5,3,0,0,0
20,53,4,4,0,0,5,1
41,53,4,4,0,0,0,0
5,53,4,4,0,1,5,1
1,53,4,4,0,1,0,0
1,53,4,0,3,0,4,0
2,53,4,0,2,0,0,0
6,53,4,0,1,0,4,0
2,53,4,0,1,0,2,0
7,53,4,0,0,0,5,1
34,53,4,0,0,0,4,0
10,53,4,0,0,0,2,0
17,53,4,0,0,0,0,0
1,53,4,0,0,1,0,0
15,53,0,5,3,0,4,0
1,53,0,5,3,0,0,0
4,53,0,4,0,0,5,1
262,53,0,4,0,0,4,0
9,53,0,4,0,0,2,0
26,53,0,4,0,0,0,0
3,53,0,2,3,0,4,0
1,53,0,2,3,0,0,0
7,53,0,2,2,0,4,0
1,53,0,2,2,0,2,0
12,53,0,2,1,0,4,0
1,53,0,2,1,0,0,0
28,53,0,2,0,0,4,0
1,53,0,2,0,0,2,0
1,53,0,2,0,0,0,0
2,53,0,0,3,0,4,0
4,53,0,0,2,0,4,0
10,53,0,0,1,0,4,0
34,53,0,0,0,0,4,0
2,53,0,0,0,0,0,0
1,3,4,4,0,1,5,1
1,3,4,2,0,1,3,0
1,3,4,0,3,1,4,0
1,3,4,0,0,1,3,0
1,3,0,0,0,1,4,0
1,19,4,5,3,0,5,1
1,19,4,5,3,0,4,0
1,19,4,4,0,0,5,1
2,19,4,4,0,0,0,0
5,19,4,4,0,1,5,1
1,19,4,4,0,1,4,0
1,19,4,4,0,1,2,0
4,19,4,4,0,1,0,0
1,19,4,2,0,1,5,1
1,19,4,0,3,0,4,0
1,19,4,0,2,0,4,0
1,19,4,0,1,1,4,0
1,19,4,0,0,1,5,1
2,19,4,0,0,1,4,0
1,19,2,5,2,0,4,0
1,19,2,0,0,0,4,0
3,19,0,5,3,0,4,0
2,19,0,5,3,1,4,0
1,19,0,1,3,1,4,0
1,19,0,1,1,1,4,0
2,19,0,0,3,0,4,0
4,51,5,4,0,0,4,0
4,51,4,5,3,0,4,0
1,51,4,5,3,0,0,0
2,51,4,5,2,0,4,0
1,51,4,5,1,0,4,0
16,51,4,4,0,0,5,1
2,51,4,0,3,0,4,0
2,51,4,0,2,0,4,0
3,51,4,0,1,0,4,0
1,51,4,0,0,0,4,0
1,51,4,0,0,1,5,1
2,51,0,5,3,0,4,0
1,51,0,4,0,0,5,1
7,51,0,4,0,0,4,0
3,51,0,1,3,0,4,0
1,51,0,0,2,0,4,0
2,51,0,0,1,0,4,0
3,7,4,4,0,1,5,1
1,7,4,4,0,1,3,0
1,7,4,3,0,1,5,1
1,7,4,3,0,1,4,0
1,7,4,1,0,1,5,1
1,7,4,0,0,1,5,1
1,7,0,0,0,1,4,0
1,23,4,5,3,0,4,0
3,23,4,4,0,0,5,1
1,23,4,4,0,0,3,0
6,23,4,4,0,0,1,0
4,23,4,4,0,0,0,0
9,23,4,4,0,1,5,1
1,23,4,4,0,1,5,0
2,23,4,4,0,1,4,0
1,23,4,4,0,1,1,0
10,23,4,4,0,1,0,0
1,23,4,3,0,0,5,1
1,23,4,1,2,0,4,0
1,23,4,1,0,1,5,1
5,23,4,1,0,1,4,0
1,23,4,1,0,1,0,0
2,23,4,0,3,0,4,0
1,23,4,0,1,1,4,0
2,23,4,0,0,0,4,0
1,23,4,0,0,0,0,0
7,23,4,0,0,1,5,1
11,23,4,0,0,1,4,0
3,23,4,0,0,1,3,0
1,23,4,0,0,1,2,0
1,23,4,0,0,1,1,0
3,23,4,0,0,1,0,0
5,23,3,0,0,0,4,0
1,23,1,4,0,1,5,1
1,23,1,1,1,1,4,0
1,23,1,1,0,1,4,0
1,23,1,0,1,1,4,0
5,23,1,0,0,1,4,0
3,23,0,5,3,0,4,0
1,23,0,4,0,1,5,1
2,23,0,4,0,1,2,0
1,23,0,4,0,1,1,0
1,23,0,3,0,0,4,0
1,23,0,2,3,0,4,0
1,23,0,2,2,0,4,0
1,23,0,2,1,1,4,0
1,23,0,1,0,0,4,0
1,23,0,1,0,0,1,0
1,23,0,0,3,0,4,0
2,23,0,0,0,1,4,0
1,23,0,0,0,1,2,0
7,55,4,5,3,0,4,0
1,55,4,5,2,0,4,0
1,55,4,5,2,0,1,0
1,55,4,5,1,0,4,0
1,55,4,5,1,0,0,0
15,55,4,4,0,0,5,1
12,55,4,4,0,0,1,0
3,55,4,4,0,0,0,0
1,55,4,4,0,1,5,1
1,55,4,3,0,0,5,1
1,55,4,3,0,0,3,0
1,55,4,1,2,0,4,0
1,55,4,1,1,0,4,0
6,55,4,1,0,0,4,0
1,55,4,1,0,1,5,1
2,55,4,0,3,0,4,0
1,55,4,0,3,0,1,0
1,55,4,0,3,0,0,0
2,55,4,0,1,0,4,0
1,55,4,0,0,0,4,0
2,55,4,0,0,0,2,0
1,55,3,3,3,0,5,1
1,55,1,5,2,0,4,0
2,55,1,4,0,0,5,1
28,55,1,4,0,0,4,0
2,55,1,4,0,0,1,0
2,55,1,1,1,0,4,0
3,55,1,1,0,0,4,0
1,55,1,1,0,0,1,0
2,55,1,0,3,0,4,0
1,55,1,0,1,1,5,1
1,55,1,0,0,0,4,0
7,55,0,5,3,0,4,0
1,55,0,5,2,0,4,0
1,55,0,4,0,0,5,1
63,55,0,4,0,0,4,0
2,55,0,4,0,0,3,0
1,55,0,4,0,0,1,0
1,55,0,2,3,0,4,0
2,55,0,2,2,0,4,0
1,55,0,2,1,0,4,0
1,55,0,2,0,0,4,0
3,55,0,1,3,0,4,0
1,55,0,1,2,0,4,0
2,55,0,1,1,0,4,0
1,55,0,1,0,0,4,0
1,55,0,0,3,0,4,0
2,55,0,0,2,0,4,0
2,55,0,0,1,0,4,0
3,55,0,0,0,0,4,0
6,31,4,4,0,0,5,1
2,31,4,4,0,0,4,0
11,31,4,4,0,0,0,0
1,31,4,0,2,0,4,0
3,31,4,0,0,0,5,1
5,31,4,0,0,0,4,0
3,31,4,0,0,0,1,0
3,31,4,0,0,0,0,0
1,31,4,0,0,1,4,0
1,31,0,5,3,0,4,0
1,31,0,5,3,0,0,0
2,31,0,4,0,0,5,1
3,31,0,4,0,0,2,0
1,31,0,4,0,0,1,0
1,31,0,4,0,0,0,0
2,31,0,2,0,0,4,0
1,31,0,1,2,0,0,0
1,31,0,1,0,0,4,0
1,31,0,1,0,0,0,0
1,31,0,0,2,0,4,0
3,31,0,0,1,0,4,0
1,31,0,0,0,0,4,0
1,63,4,5,2,0,4,0
14,63,4,4,0,0,5,1
3,63,4,4,0,0,4,0
7,63,4,4,0,0,0,0
1,63,4,4,0,1,5,1
1,63,4,4,0,1,0,0
1,63,4,0,2,0,5,1
2,63,4,0,2,0,4,0
1,63,4,0,1,0,4,0
1,63,4,0,1,0,1,0
7,63,4,0,0,0,5,1
13,63,4,0,0,0,4,0
1,63,4,0,0,0,2,0
11,63,4,0,0,0,1,0
3,63,4,0,0,0,0,0
1,63,4,0,0,1,5,1
1,63,0,5,3,0,4,0
3,63,0,4,0,0,5,1
157,63,0,4,0,0,4,0
6,63,0,4,0,0,2,0
5,63,0,4,0,0,1,0
5,63,0,4,0,0,0,0
1,63,0,4,0,1,5,1
1,63,0,2,2,0,4,0
8,63,0,2,0,0,4,0
2,63,0,1,2,0,4,0
1,63,0,1,1,0,4,0
9,63,0,1,0,0,4,0
1,63,0,0,3,0,4,0
3,63,0,0,2,0,4,0
2,63,0,0,1,0,4,0
2,63,0,0,0,0,5,1
9,63,0,0,0,0,4,0
1,63,0,0,0,0,0,0
